{
  "Aix en Provence": [
    43.5298424,
    5.4474738
  ],
  "Akureyri": [
    65.6826364,
    -18.0912993
  ],
  "Hofn": [
    64.2532647,
    -15.2080441
  ],
  "Invernes s": [
    57.4745541,
    -4.2291087
  ],
  "Cheltenham": [
    51.8995685,
    -2.0711559
  ],
  "Barnstaple": [
    51.0809012,
    -4.0605978
  ],
  "Truro": [
    50.2633354,
    -5.0510781
  ],
  "Plymouth": [
    50.3714122,
    -4.1424451
  ],
  "Exeter": [
    50.7256138,
    -3.5269209
  ],
  "Bournemouth": [
    50.7201514,
    -1.8799118
  ]
}