{
  "Porto-Ota": [
    42.2667,
    8.6333
  ],
  "Zagreb": [
    45.815,
    15.9819
  ],
  "Zadar": [
    44.1194,
    15.2314
  ],
  "Stavanger": [
    58.97,
    5.7331
  ],
  "Invernes s": [
    57.4745541,
    -4.2291087
  ],
  "Egilsstaðir": [
    65.2620412,
    -14.4035258
  ],
  "Nuremberg": [
    49.453872,
    11.077298
  ]
}